Order_ID,Order_Date,Customer_ID,City,Order_Value,Category_Count,Row_Count,Category
ORD100002,2025-02-25,CUST5529,Bengaluru,19808.39,1,1,Grocery
ORD100003,2025-10-14,CUST3127,Bengaluru,139530.8,1,1,Education
ORD100004,2025-05-13,CUST8887,Bengaluru,299928.48,1,1,Education
ORD100005,2025-12-02,CUST2515,Kolkata,256872.24,1,1,Electronics
ORD100006,2025-11-20,CUST4796,Bengaluru,140365.9,1,1,Grocery
ORD100007,2025-12-31,CUST3952,Hyderabad,323527.23,1,1,Electronics
ORD100008,2025-10-14,CUST1758,Patna,299985.18,1,1,Electronics
ORD100009,2025-12-05,CUST9622,Kolkata,28466.49,1,1,Electronics
ORD100010,2025-11-21,CUST9770,Mumbai,116929.38,1,1,Education
ORD100011,2025-04-16,CUST1312,Kolkata,144194.72,1,1,Electronics
ORD100012,2025-05-05,CUST9642,Delhi,42454.26,1,1,Fashion
ORD100013,2025-05-02,CUST3228,Patna,283052.58,1,1,Furniture
ORD100014,2025-05-06,CUST1038,Patna,37068.4,1,1,Grocery
ORD100015,2025-04-24,CUST6413,Patna,96340.16,1,1,Fashion
ORD100016,2025-03-12,CUST8660,Patna,203722.48,1,1,Electronics
ORD100017,2025-08-30,CUST9307,Delhi,201110.9,1,1,Fashion
ORD100018,2025-11-30,CUST4363,Delhi,401091.2,1,1,Education
ORD100019,2025-10-19,CUST3508,Gaya,7280.64,1,1,Fashion
ORD100020,2025-07-24,CUST5806,Mumbai,30612.95,1,1,Furniture
ORD100021,2025-03-20,CUST6504,Kolkata,190162.88,1,1,Electronics
ORD100022,2025-03-18,CUST8908,Pune,2344.98,1,1,Fashion
ORD100023,2025-10-04,CUST2903,Mumbai,107774.59,1,1,Education
ORD100024,2025-11-23,CUST1406,Gaya,315765.0,1,1,Fashion
ORD100025,2025-09-14,CUST8036,Patna,22254.12,1,1,Electronics
ORD100026,2025-03-16,CUST6532,Pune,252489.02,1,1,Grocery
ORD100027,2025-04-10,CUST2482,Mumbai,354730.14,1,1,Education
ORD100028,2025-08-01,CUST2003,Mumbai,47674.82,1,1,Grocery
ORD100029,2025-08-10,CUST6149,Patna,72673.95,1,1,Electronics
ORD100030,2025-02-05,CUST3688,Bengaluru,213936.9,1,1,Electronics
ORD100031,2025-08-09,CUST3212,Gaya,42764.32,1,1,Grocery
ORD100032,2025-05-13,CUST5063,Mumbai,15831.03,1,1,Electronics
ORD100033,2025-10-22,CUST9565,Mumbai,174333.28,1,1,Education
ORD100034,2025-12-04,CUST9325,Mumbai,87780.4,1,1,Electronics
ORD100035,2025-05-03,CUST4002,Gaya,234114.2,1,1,Electronics
ORD100036,2025-03-08,CUST8975,Gaya,191586.8,1,1,Electronics
ORD100037,2025-02-07,CUST2669,Bengaluru,359291.92,1,1,Electronics
ORD100038,2025-02-20,CUST5869,Delhi,285227.53,1,1,Furniture
ORD100039,2025-10-20,CUST7249,Kolkata,19176.32,1,1,Grocery
ORD100040,2025-03-07,CUST7465,Bengaluru,234167.84,1,1,Fashion
ORD100041,2025-04-21,CUST7988,Mumbai,3992.85,1,1,Fashion
ORD100042,2025-05-31,CUST9953,Hyderabad,221829.7,1,1,Electronics
ORD100043,2025-04-20,CUST6938,Kolkata,119662.88,1,1,Electronics
ORD100044,2025-09-22,CUST3006,Patna,99128.64,1,1,Furniture
ORD100045,2025-07-04,CUST5151,Bengaluru,86394.66,1,1,Grocery
ORD100046,2025-04-26,CUST5903,Hyderabad,13424.67,1,1,Fashion
ORD100047,2025-05-11,CUST4943,Mumbai,12420.48,1,1,Grocery
ORD100048,2025-09-02,CUST4750,Delhi,95299.22,1,1,Electronics
ORD100049,2025-10-25,CUST2705,Kolkata,124270.25,1,1,Electronics
ORD100050,2025-01-22,CUST5523,Pune,1431628.23,4,8,Furniture
ORD100051,2025-02-27,CUST1557,Mumbai,123371.82,1,1,Furniture
ORD100052,2025-09-09,CUST2062,Patna,493677.5,1,1,Education
ORD100053,2025-06-08,CUST9203,Delhi,27936.6,1,1,Electronics
ORD100054,2025-07-07,CUST8053,Delhi,296420.74,1,1,Grocery
ORD100055,2025-04-16,CUST1017,Pune,264230.68,1,1,Fashion
ORD100056,2025-11-16,CUST2690,Delhi,66608.34,1,1,Education
ORD100057,2025-12-07,CUST2791,Bengaluru,246944.64,1,1,Electronics
ORD100058,2025-03-12,CUST4496,Bengaluru,333687.41,1,1,Furniture
ORD100059,2025-12-12,CUST8811,Bengaluru,44708.5,1,1,Furniture
ORD100060,2025-01-15,CUST2411,Mumbai,184045.4,1,1,Electronics
ORD100061,2025-11-08,CUST2350,Pune,101171.88,1,1,Electronics
ORD100062,2025-07-06,CUST9745,Mumbai,29263.26,1,1,Fashion
ORD100063,2025-07-15,CUST6236,Kolkata,17039.73,1,1,Electronics
ORD100064,2025-09-26,CUST1887,Hyderabad,277415.76,1,1,Furniture
ORD100065,2025-05-16,CUST5386,Gaya,244476.54,1,1,Grocery
ORD100066,2025-07-25,CUST8065,Kolkata,89054.9,1,1,Electronics
ORD100067,2025-01-30,CUST8841,Patna,174065.2,1,1,Education
ORD100068,2025-02-25,CUST5871,Delhi,136832.9,1,1,Furniture
ORD100069,2025-06-24,CUST9869,Hyderabad,206413.15,1,1,Education
ORD100070,2025-08-15,CUST9017,Delhi,109163.28,1,1,Education
ORD100071,2025-10-21,CUST1808,Patna,218701.12,1,1,Furniture
ORD100072,2025-08-25,CUST2565,Hyderabad,146098.6,1,1,Fashion
ORD100073,2025-06-19,CUST4958,Gaya,25717.95,1,1,Grocery
ORD100074,2025-12-04,CUST7587,Pune,408776.58,1,1,Electronics
ORD100076,2025-12-30,CUST8430,Gaya,17766.9,1,1,Electronics
ORD100077,2025-12-27,CUST1956,Bengaluru,110614.05,1,1,Fashion
ORD100078,2025-04-14,CUST9846,Patna,64707.84,1,1,Education
ORD100079,2026-01-01,CUST4706,Delhi,35862.34,1,1,Grocery
ORD100080,2025-08-21,CUST5607,Gaya,13129.64,1,1,Grocery
ORD100081,2025-03-05,CUST8211,Gaya,411726.33,1,1,Furniture
ORD100082,2025-09-01,CUST5367,Hyderabad,35099.34,1,1,Education
ORD100083,2025-01-06,CUST8346,Hyderabad,439609.5,1,1,Electronics
ORD100084,2025-10-24,CUST7484,Gaya,223452.45,1,1,Education
ORD100085,2025-03-07,CUST7911,Delhi,142731.2,1,1,Electronics
ORD100086,2025-08-24,CUST4229,Hyderabad,136626.6,1,1,Education
ORD100087,2025-03-17,CUST2290,Mumbai,48677.96,1,1,Education
ORD100088,2025-12-17,CUST1246,Kolkata,2094.36,1,1,Electronics
ORD100089,2025-04-16,CUST3689,Delhi,163989.92,1,1,Electronics
ORD100090,2025-10-29,CUST7476,Hyderabad,118002.51,1,1,Education
ORD100091,2025-12-15,CUST7037,Mumbai,405004.41,1,1,Grocery
ORD100092,2025-12-24,CUST8578,Kolkata,6910.12,1,1,Electronics
ORD100093,2025-04-28,CUST6618,Pune,230997.12,1,1,Fashion
ORD100094,2025-11-07,CUST4650,Delhi,143752.47,1,1,Fashion
ORD100095,2025-02-19,CUST5091,Bengaluru,213995.1,1,1,Grocery
ORD100096,2025-05-31,CUST2190,Hyderabad,75639.4,1,1,Grocery
ORD100097,2025-11-12,CUST7277,Mumbai,291741.38,1,1,Fashion
ORD100098,2025-01-22,CUST8623,Hyderabad,407455.5,1,1,Electronics
ORD100099,2025-02-13,CUST5232,Gaya,62434.24,1,1,Electronics
ORD100100,2025-11-02,CUST7462,Patna,2768.1,1,1,Electronics
ORD100101,2025-10-05,CUST7588,Pune,27898.64,1,1,Grocery
ORD100102,2025-12-19,CUST5005,Kolkata,174940.92,1,1,Education
ORD100103,2025-01-14,CUST3210,Mumbai,122561.37,1,1,Electronics
ORD100104,2025-12-12,CUST5926,Gaya,311180.64,1,1,Furniture
ORD100105,2025-11-23,CUST3809,Gaya,51282.42,1,1,Education
ORD100106,2025-10-26,CUST2079,Mumbai,323841.07,1,1,Furniture
ORD100107,2025-08-09,CUST4881,Patna,5629.1,1,1,Education
ORD100108,2025-03-20,CUST6707,Pune,328896.4,1,1,Electronics
ORD100109,2025-09-18,CUST2796,Patna,147307.52,1,1,Education
ORD100110,2025-10-15,CUST5524,Hyderabad,128419.56,1,1,Furniture
ORD100111,2025-09-04,CUST9882,Kolkata,33198.0,1,1,Electronics
ORD100112,2025-03-01,CUST3001,Gaya,7916.91,1,1,Electronics
ORD100113,2025-01-17,CUST5433,Delhi,100010.88,1,1,Education
ORD100114,2025-07-11,CUST3794,Hyderabad,103917.5,1,1,Education
ORD100115,2025-09-09,CUST2345,Bengaluru,224371.6,1,1,Education
ORD100116,2025-02-13,CUST8316,Hyderabad,369482.04,1,1,Electronics
ORD100117,2025-03-27,CUST9354,Patna,42782.38,1,1,Grocery
ORD100118,2025-09-18,CUST2871,Delhi,147500.76,1,1,Furniture
ORD100119,2025-04-10,CUST7341,Hyderabad,166562.96,1,1,Electronics
ORD100121,2025-05-19,CUST9563,Gaya,35133.76,1,1,Education
ORD100122,2025-12-22,CUST2286,Patna,36304.28,1,1,Electronics
ORD100123,2025-11-20,CUST2423,Hyderabad,113778.84,1,1,Electronics
ORD100124,2025-07-08,CUST2378,Hyderabad,19026.35,1,1,Fashion
ORD100125,2025-01-14,CUST6995,Hyderabad,325425.87,1,1,Education
ORD100126,2025-06-13,CUST3677,Patna,17041.21,1,1,Fashion
ORD100127,2025-01-14,CUST6627,Patna,248966.58,1,1,Grocery
ORD100128,2025-12-04,CUST6238,Gaya,259301.0,1,1,Grocery
ORD100129,2025-03-04,CUST8352,Gaya,210254.64,1,1,Electronics
ORD100130,2025-03-09,CUST2870,Patna,174666.56,1,1,Electronics
ORD100131,2025-11-29,CUST4751,Patna,243462.6,1,1,Grocery
ORD100132,2025-01-17,CUST7031,Gaya,195199.8,1,1,Fashion
ORD100133,2025-03-25,CUST8366,Bengaluru,299029.7,1,1,Education
ORD100134,2025-02-10,CUST2863,Patna,132772.22,1,1,Electronics
ORD100135,2025-03-10,CUST8298,Delhi,429431.7,1,1,Electronics
ORD100136,2025-03-21,CUST9577,Mumbai,145301.46,1,1,Electronics
ORD100137,2025-05-30,CUST3054,Mumbai,63845.1,1,1,Furniture
ORD100138,2025-11-27,CUST6791,Pune,148740.85,1,1,Furniture
ORD100139,2025-09-18,CUST7062,Bengaluru,180509.76,1,1,Electronics
ORD100140,2025-04-04,CUST6625,Hyderabad,121251.76,1,1,Electronics
ORD100141,2025-01-25,CUST4824,Gaya,226245.78,1,1,Electronics
ORD100142,2025-07-31,CUST1339,Kolkata,203324.1,1,1,Education
ORD100143,2025-03-05,CUST1113,Gaya,181063.26,1,1,Fashion
ORD100144,2025-06-30,CUST4034,Kolkata,85717.2,1,1,Electronics
ORD100145,2025-12-06,CUST6997,Gaya,27593.6,1,1,Electronics
ORD100146,2025-03-12,CUST2480,Gaya,20740.93,1,1,Fashion
ORD100147,2025-06-08,CUST9450,Bengaluru,112729.05,1,1,Electronics
ORD100148,2025-07-07,CUST8408,Delhi,122496.24,1,1,Electronics
ORD100149,2025-09-17,CUST7178,Bengaluru,16185.56,1,1,Furniture
ORD100151,2025-09-13,CUST4829,Mumbai,333996.4,1,1,Fashion
ORD100152,2025-02-08,CUST5188,Gaya,439499.43,1,1,Electronics
ORD100153,2025-06-26,CUST1928,Mumbai,340497.71,1,1,Electronics
ORD100154,2025-10-26,CUST3887,Mumbai,169196.64,1,1,Electronics
ORD100155,2025-03-18,CUST5211,Patna,191167.55,1,1,Education
ORD100156,2025-07-22,CUST2236,Pune,26010.12,1,1,Electronics
ORD100157,2025-03-11,CUST5375,Bengaluru,36587.92,1,1,Education
ORD100158,2025-08-31,CUST4137,Gaya,81620.02,1,1,Electronics
ORD100159,2025-02-16,CUST5113,Kolkata,199283.0,1,1,Electronics
ORD100160,2025-09-20,CUST7263,Hyderabad,10851.3,1,1,Furniture
ORD100161,2025-10-22,CUST2562,Bengaluru,437.34,1,1,Grocery
ORD100162,2025-06-03,CUST9297,Kolkata,203724.09,1,1,Electronics
ORD100163,2025-11-04,CUST2295,Mumbai,238983.9,1,1,Education
ORD100164,2025-01-07,CUST3839,Bengaluru,410547.2,1,1,Electronics
ORD100165,2026-01-01,CUST8010,Hyderabad,141200.44,1,1,Grocery
ORD100166,2025-10-20,CUST9008,Hyderabad,125266.25,1,1,Education
ORD100167,2025-09-04,CUST3714,Patna,165724.79,1,1,Grocery
ORD100168,2025-03-03,CUST5036,Patna,299490.08,1,1,Furniture
ORD100169,2025-08-06,CUST1479,Bengaluru,317305.7,1,1,Furniture
ORD100170,2025-04-04,CUST9875,Bengaluru,120557.08,1,1,Electronics
ORD100171,2025-01-20,CUST3522,Bengaluru,30869.01,1,1,Furniture
ORD100172,2025-05-10,CUST4062,Mumbai,8906.18,1,1,Furniture
ORD100173,2025-01-26,CUST4009,Hyderabad,43713.28,1,1,Grocery
ORD100174,2025-04-08,CUST4685,Gaya,241032.51,1,1,Grocery
ORD100175,2025-06-07,CUST3564,Patna,444513.78,1,1,Grocery
ORD100176,2025-01-11,CUST8722,Mumbai,196134.84,1,1,Electronics
ORD100177,2025-06-04,CUST3602,Pune,67401.84,1,1,Electronics
ORD100178,2025-06-21,CUST9812,Pune,28196.26,1,1,Electronics
ORD100179,2025-07-01,CUST4747,Gaya,102099.33,1,1,Electronics
ORD100180,2025-03-05,CUST1766,Kolkata,7119.05,1,1,Electronics
ORD100181,2025-10-31,CUST3366,Delhi,237884.56,1,1,Grocery
ORD100182,2025-01-26,CUST1215,Gaya,10367.0,1,1,Furniture
ORD100183,2025-11-14,CUST3508,Pune,185034.88,1,1,Electronics
ORD100184,2025-10-24,CUST5988,Kolkata,88672.76,1,1,Furniture
ORD100185,2025-01-15,CUST3662,Hyderabad,14919.85,1,1,Electronics
ORD100186,2025-03-08,CUST3397,Gaya,26461.65,1,1,Furniture
ORD100187,2025-05-13,CUST4777,Gaya,21001.73,1,1,Electronics
ORD100188,2025-04-27,CUST9059,Delhi,150907.5,1,1,Electronics
ORD100189,2025-06-26,CUST5600,Bengaluru,143878.14,1,1,Grocery
ORD100190,2025-09-08,CUST7574,Delhi,38214.2,1,1,Furniture
ORD100191,2025-11-27,CUST1436,Delhi,19590.5,1,1,Electronics
ORD100192,2025-02-26,CUST3625,Kolkata,105841.56,1,1,Electronics
ORD100193,2025-06-05,CUST5168,Hyderabad,54797.1,1,1,Electronics
ORD100194,2025-06-13,CUST6821,Pune,274083.6,1,1,Education
ORD100195,2025-08-06,CUST6228,Pune,89287.2,1,1,Education
ORD100196,2025-11-19,CUST3002,Mumbai,219937.28,1,1,Education
ORD100197,2025-10-26,CUST3685,Delhi,35489.21,1,1,Furniture
ORD100198,2025-02-08,CUST3417,Patna,252084.4,1,1,Electronics
ORD100199,2025-01-04,CUST7187,Patna,16633.85,1,1,Electronics
ORD100200,2025-02-24,CUST2953,Kolkata,220868.4,1,1,Grocery
ORD100201,2025-12-23,CUST2779,Patna,178648.82,1,1,Grocery
ORD100202,2025-02-26,CUST6564,Patna,142635.56,1,1,Electronics
ORD100203,2025-03-10,CUST4996,Hyderabad,144704.16,1,1,Electronics
ORD100204,2025-12-16,CUST2428,Mumbai,48123.87,1,1,Education
ORD100205,2025-02-26,CUST2448,Kolkata,148803.66,1,1,Furniture
ORD100206,2025-03-09,CUST1049,Hyderabad,16714.64,1,1,Education
ORD100207,2025-08-30,CUST9728,Gaya,185424.32,1,1,Grocery
ORD100208,2025-02-25,CUST6932,Kolkata,21090.24,1,1,Fashion
ORD100209,2025-04-05,CUST9159,Kolkata,208852.56,1,1,Electronics
ORD100210,2025-08-25,CUST6518,Hyderabad,177138.7,1,1,Fashion
ORD100211,2025-04-16,CUST4756,Bengaluru,13263.99,1,1,Education
ORD100212,2025-04-10,CUST7659,Patna,49067.82,1,1,Furniture
ORD100213,2025-11-09,CUST6727,Mumbai,111865.08,1,1,Electronics
ORD100214,2025-08-25,CUST8049,Delhi,130165.29,1,1,Electronics
ORD100215,2025-07-18,CUST4705,Hyderabad,29838.32,1,1,Fashion
ORD100216,2025-03-20,CUST5355,Delhi,47542.0,1,1,Grocery
ORD100217,2025-03-23,CUST3186,Delhi,156219.8,1,1,Electronics
ORD100218,2025-10-07,CUST1822,Kolkata,121853.1,1,1,Electronics
ORD100219,2025-01-13,CUST9645,Hyderabad,62199.8,1,1,Grocery
ORD100220,2025-09-14,CUST2997,Hyderabad,34192.3,1,1,Electronics
ORD100221,2025-04-27,CUST2088,Hyderabad,24428.2,1,1,Education
ORD100222,2025-07-13,CUST1711,Bengaluru,490866.4,1,1,Fashion
ORD100223,2025-01-10,CUST9840,Bengaluru,163236.96,1,1,Electronics
ORD100224,2025-12-06,CUST7613,Mumbai,394778.24,1,1,Electronics
ORD100226,2025-02-08,CUST9319,Pune,36805.55,1,1,Grocery
ORD100227,2025-04-07,CUST6773,Hyderabad,132823.76,1,1,Electronics
ORD100228,2025-06-19,CUST5214,Patna,86438.08,1,1,Furniture
ORD100229,2025-07-08,CUST3618,Pune,330723.9,1,1,Electronics
ORD100230,2025-11-01,CUST3668,Patna,280078.14,1,1,Electronics
ORD100231,2025-05-16,CUST7315,Mumbai,53794.02,1,1,Education
ORD100232,2025-04-11,CUST9158,Gaya,22073.28,1,1,Furniture
ORD100233,2025-06-21,CUST6522,Mumbai,107317.63,1,1,Education
ORD100234,2025-09-05,CUST3760,Bengaluru,41626.11,1,1,Fashion
ORD100235,2025-10-22,CUST5079,Bengaluru,267836.96,1,1,Furniture
ORD100236,2025-05-19,CUST6082,Mumbai,397220.94,1,1,Electronics
ORD100237,2025-06-25,CUST8311,Bengaluru,45048.9,1,1,Electronics
ORD100238,2025-02-04,CUST5945,Kolkata,200976.86,1,1,Fashion
ORD100239,2025-02-23,CUST9191,Hyderabad,153373.8,1,1,Education
ORD100241,2025-02-12,CUST1197,Pune,5944.12,1,1,Education
ORD100242,2025-12-22,CUST6111,Hyderabad,33273.36,1,1,Electronics
ORD100243,2025-05-04,CUST1367,Bengaluru,43529.29,1,1,Education
ORD100244,2025-03-27,CUST6584,Mumbai,296462.6,1,1,Electronics
ORD100245,2025-09-21,CUST2862,Bengaluru,74724.16,1,1,Grocery
ORD100246,2025-05-31,CUST4094,Hyderabad,178309.16,1,1,Grocery
ORD100247,2025-09-17,CUST5129,Bengaluru,219522.18,1,1,Education
ORD100248,2025-02-09,CUST4629,Patna,75833.37,1,1,Electronics
ORD100249,2025-01-23,CUST5454,Hyderabad,308555.0,1,1,Furniture
ORD100250,2025-12-20,CUST3169,Delhi,138808.11,1,1,Electronics
ORD100251,2025-04-02,CUST9047,Patna,325228.19,1,1,Electronics
ORD100252,2025-08-28,CUST9097,Hyderabad,64336.72,1,1,Education
ORD100253,2025-04-16,CUST2006,Kolkata,3310.72,1,1,Education
ORD100254,2025-08-17,CUST5418,Kolkata,177852.72,1,1,Education
ORD100255,2025-05-02,CUST8067,Patna,261456.84,1,1,Furniture
ORD100256,2025-05-03,CUST3080,Pune,43789.89,1,1,Furniture
ORD100257,2025-12-15,CUST6728,Bengaluru,34757.71,1,1,Electronics
ORD100258,2025-09-10,CUST7801,Pune,43373.54,1,1,Furniture
ORD100259,2025-06-18,CUST4686,Pune,290918.72,1,1,Grocery
ORD100260,2025-01-20,CUST6345,Hyderabad,47845.02,1,1,Furniture
ORD100261,2025-07-09,CUST6927,Gaya,86462.0,1,1,Furniture
ORD100262,2025-10-28,CUST8686,Patna,175530.12,1,1,Furniture
ORD100263,2025-06-22,CUST6585,Hyderabad,103625.84,1,1,Grocery
ORD100264,2025-04-18,CUST7176,Bengaluru,54990.9,1,1,Furniture
ORD100265,2025-05-04,CUST9233,Hyderabad,363317.5,1,1,Furniture
ORD100266,2025-11-26,CUST7501,Gaya,51679.6,1,1,Grocery
ORD100267,2025-05-06,CUST7082,Bengaluru,100658.0,1,1,Education
ORD100268,2025-04-04,CUST2463,Bengaluru,248328.55,1,1,Electronics
ORD100269,2025-08-01,CUST1662,Pune,96526.71,1,1,Education
ORD100270,2025-10-25,CUST7413,Kolkata,82021.25,1,1,Electronics
ORD100271,2025-12-26,CUST1994,Pune,97121.64,1,1,Education
ORD100272,2025-08-03,CUST6173,Pune,150268.72,1,1,Electronics
ORD100273,2025-01-10,CUST7374,Patna,236009.2,1,1,Education
ORD100274,2025-09-11,CUST4737,Patna,180858.3,1,1,Education
ORD100275,2025-06-07,CUST3689,Patna,378494.16,1,1,Electronics
ORD100276,2025-09-06,CUST6444,Mumbai,259787.34,1,1,Education
ORD100277,2025-09-13,CUST2152,Bengaluru,96867.4,1,1,Electronics
ORD100278,2025-09-14,CUST1636,Patna,52698.94,1,1,Furniture
ORD100279,2025-09-30,CUST3341,Gaya,186519.72,1,1,Electronics
ORD100280,2025-08-19,CUST1463,Bengaluru,97209.96,1,1,Fashion
ORD100281,2025-12-26,CUST3877,Delhi,85323.78,1,1,Electronics
ORD100282,2025-12-28,CUST6407,Delhi,34861.2,1,1,Electronics
ORD100283,2025-01-09,CUST4381,Kolkata,135764.76,1,1,Electronics
ORD100284,2025-05-09,CUST5097,Mumbai,185571.72,1,1,Electronics
ORD100285,2025-10-17,CUST9910,Hyderabad,90068.24,1,1,Fashion
ORD100286,2025-10-23,CUST7806,Hyderabad,81537.0,1,1,Grocery
ORD100287,2025-01-11,CUST8105,Delhi,107665.89,1,1,Electronics
ORD100288,2025-11-04,CUST6002,Delhi,214875.81,1,1,Electronics
ORD100289,2025-11-07,CUST1334,Kolkata,34200.58,1,1,Fashion
ORD100290,2025-04-06,CUST9248,Mumbai,106419.88,1,1,Furniture
ORD100291,2025-08-31,CUST7152,Patna,106181.76,1,1,Electronics
ORD100292,2025-02-20,CUST8650,Gaya,78828.6,1,1,Grocery
ORD100293,2025-04-16,CUST9284,Kolkata,19210.3,1,1,Education
ORD100294,2025-03-02,CUST4169,Hyderabad,25982.0,1,1,Grocery
ORD100295,2025-05-04,CUST3464,Bengaluru,172829.92,1,1,Education
ORD100296,2025-07-04,CUST8294,Hyderabad,199506.68,1,1,Education
ORD100297,2025-11-18,CUST4845,Mumbai,2599.12,1,1,Furniture
ORD100298,2025-07-28,CUST6538,Pune,26611.8,1,1,Electronics
ORD100299,2025-03-25,CUST6028,Delhi,82132.92,1,1,Electronics
ORD100301,2025-09-12,CUST5406,Kolkata,47545.65,1,1,Electronics
ORD100302,2025-08-09,CUST9552,Patna,7745.85,1,1,Furniture
ORD100303,2025-03-27,CUST3059,Patna,234450.42,1,1,Fashion
ORD100304,2025-07-06,CUST1183,Gaya,49324.8,1,1,Furniture
ORD100305,2025-08-27,CUST1088,Patna,203819.75,1,1,Fashion
ORD100306,2025-08-02,CUST8195,Patna,3727.43,1,1,Fashion
ORD100307,2026-01-01,CUST1231,Patna,187087.76,1,1,Grocery
ORD100308,2025-12-12,CUST6206,Kolkata,302455.37,1,1,Education
ORD100309,2025-03-23,CUST7625,Patna,17409.33,1,1,Education
ORD100310,2025-07-29,CUST1762,Delhi,123899.8,1,1,Education
ORD100311,2025-09-08,CUST1743,Hyderabad,161107.04,1,1,Fashion
ORD100312,2025-11-12,CUST9788,Hyderabad,138165.76,1,1,Electronics
ORD100313,2025-10-23,CUST2687,Hyderabad,49496.16,1,1,Education
ORD100314,2025-07-22,CUST3094,Bengaluru,343480.48,1,1,Electronics
ORD100315,2025-06-08,CUST7059,Delhi,13776.48,1,1,Electronics
ORD100316,2025-04-21,CUST8229,Pune,129289.55,1,1,Electronics
ORD100317,2025-02-25,CUST9307,Hyderabad,189276.52,1,1,Education
ORD100318,2025-01-30,CUST2457,Kolkata,43633.34,1,1,Electronics
ORD100319,2025-06-08,CUST5057,Patna,30227.94,1,1,Fashion
ORD100320,2025-05-07,CUST1516,Mumbai,199641.96,1,1,Electronics
ORD100321,2025-06-22,CUST4527,Mumbai,210037.8,1,1,Education
ORD100322,2025-08-15,CUST2650,Kolkata,162226.4,1,1,Furniture
ORD100323,2025-09-20,CUST1932,Delhi,7741.12,1,1,Electronics
ORD100324,2025-07-20,CUST2094,Hyderabad,113543.48,1,1,Education
ORD100325,2025-08-26,CUST7196,Delhi,267104.88,1,1,Furniture
ORD100326,2025-05-27,CUST2537,Bengaluru,1005.21,1,1,Electronics
ORD100327,2025-03-30,CUST9627,Gaya,139501.8,1,1,Grocery
ORD100328,2025-05-06,CUST3044,Bengaluru,318554.4,1,1,Grocery
ORD100329,2025-04-12,CUST9693,Patna,413892.18,1,1,Education
ORD100330,2025-10-14,CUST5621,Delhi,134832.67,1,1,Fashion
ORD100331,2025-04-28,CUST6067,Patna,177865.2,1,1,Electronics
ORD100332,2025-02-03,CUST9465,Kolkata,8988.44,1,1,Fashion
ORD100333,2025-07-23,CUST3773,Pune,167795.58,1,1,Furniture
ORD100334,2025-01-29,CUST5933,Mumbai,65068.15,1,1,Furniture
ORD100335,2025-10-16,CUST8904,Kolkata,63886.38,1,1,Grocery
ORD100336,2025-02-24,CUST2599,Mumbai,134115.7,1,1,Electronics
ORD100337,2025-12-05,CUST5249,Pune,116373.8,1,1,Fashion
ORD100338,2025-09-21,CUST9849,Delhi,192594.75,1,1,Furniture
ORD100339,2025-03-02,CUST3891,Mumbai,150743.16,1,1,Electronics
ORD100340,2025-10-28,CUST8154,Pune,425608.74,1,1,Electronics
ORD100341,2025-02-13,CUST1614,Bengaluru,74620.36,1,1,Education
ORD100342,2025-01-28,CUST9557,Mumbai,137155.95,1,1,Education
ORD100343,2025-10-29,CUST9253,Pune,215803.3,1,1,Grocery
ORD100344,2025-12-18,CUST2794,Patna,54661.6,1,1,Fashion
ORD100345,2025-05-01,CUST1463,Gaya,76444.38,1,1,Electronics
ORD100346,2025-02-09,CUST2051,Bengaluru,109237.86,1,1,Grocery
ORD100347,2025-02-16,CUST1577,Delhi,36943.51,1,1,Fashion
ORD100348,2025-07-16,CUST7654,Delhi,67132.4,1,1,Grocery
ORD100349,2025-03-27,CUST9304,Bengaluru,64664.54,1,1,Fashion
ORD100350,2025-07-11,CUST9709,Pune,378037.6,1,1,Electronics
ORD100351,2025-03-26,CUST6828,Bengaluru,127614.42,1,1,Furniture
ORD100352,2025-02-24,CUST1170,Mumbai,103361.36,1,1,Electronics
ORD100353,2025-02-13,CUST3075,Bengaluru,8162.84,1,1,Electronics
ORD100354,2025-11-08,CUST7104,Mumbai,245061.25,1,1,Furniture
ORD100355,2025-10-20,CUST3265,Gaya,97693.35,1,1,Grocery
ORD100356,2025-08-17,CUST4601,Hyderabad,5053.68,1,1,Education
ORD100357,2025-07-15,CUST5743,Gaya,86401.08,1,1,Electronics
ORD100358,2025-08-11,CUST8871,Kolkata,113857.04,1,1,Furniture
ORD100359,2025-01-26,CUST3763,Delhi,203412.5,1,1,Fashion
ORD100361,2025-04-26,CUST7309,Delhi,256457.76,1,1,Education
ORD100362,2025-10-01,CUST3281,Pune,190106.9,1,1,Electronics
ORD100363,2025-04-30,CUST9724,Pune,156221.6,1,1,Electronics
ORD100364,2025-11-16,CUST5468,Bengaluru,299131.56,1,1,Electronics
ORD100365,2025-12-30,CUST7621,Gaya,44751.42,1,1,Fashion
ORD100366,2025-03-13,CUST9551,Bengaluru,474935.9,1,1,Electronics
ORD100367,2025-09-07,CUST3023,Gaya,368979.6,1,1,Fashion
ORD100368,2025-06-06,CUST5318,Bengaluru,93084.36,1,1,Fashion
ORD100369,2025-06-12,CUST9900,Bengaluru,97972.96,1,1,Fashion
ORD100370,2025-01-26,CUST6142,Patna,128393.8,1,1,Electronics
ORD100371,2025-09-25,CUST8318,Kolkata,6050.27,1,1,Electronics
ORD100372,2025-06-15,CUST9485,Mumbai,85037.6,1,1,Electronics
ORD100373,2025-06-04,CUST9022,Mumbai,91224.84,1,1,Grocery
ORD100374,2025-01-18,CUST4041,Bengaluru,157813.84,1,1,Electronics
ORD100376,2025-02-28,CUST9776,Delhi,34541.88,1,1,Grocery
ORD100377,2025-10-25,CUST9292,Bengaluru,128637.6,1,1,Fashion
ORD100378,2025-09-29,CUST3607,Patna,105764.6,1,1,Education
ORD100379,2025-04-28,CUST1032,Pune,146990.9,1,1,Electronics
ORD100380,2025-04-04,CUST6531,Kolkata,78327.66,1,1,Grocery
ORD100381,2025-06-07,CUST4482,Pune,421025.22,1,1,Electronics
ORD100382,2025-10-16,CUST4655,Kolkata,239811.81,1,1,Fashion
ORD100383,2025-08-25,CUST3365,Delhi,119390.88,1,1,Electronics
ORD100384,2025-10-15,CUST1481,Patna,78764.8,1,1,Furniture
ORD100385,2025-11-24,CUST2242,Delhi,349767.9,1,1,Electronics
ORD100386,2025-06-30,CUST8164,Delhi,309378.72,1,1,Furniture
ORD100387,2025-06-17,CUST9469,Kolkata,48695.59,1,1,Fashion
ORD100388,2025-10-04,CUST3129,Hyderabad,376842.87,1,1,Education
ORD100389,2025-08-30,CUST6180,Patna,157078.86,1,1,Electronics
ORD100390,2025-03-23,CUST2671,Delhi,23398.57,1,1,Fashion
ORD100391,2025-03-30,CUST6111,Kolkata,122982.8,1,1,Electronics
ORD100392,2025-08-11,CUST9927,Bengaluru,35804.49,1,1,Fashion
ORD100393,2025-09-09,CUST3393,Hyderabad,108717.45,1,1,Electronics
ORD100394,2025-11-22,CUST5569,Pune,105715.35,1,1,Fashion
ORD100395,2025-04-01,CUST5128,Bengaluru,242216.48,1,1,Grocery
ORD100396,2025-10-26,CUST8053,Mumbai,165058.24,1,1,Electronics
ORD100397,2025-02-12,CUST3345,Gaya,58809.5,1,1,Education
ORD100398,2025-03-07,CUST6600,Bengaluru,439266.33,1,1,Electronics
ORD100399,2025-06-14,CUST5615,Bengaluru,7583.96,1,1,Grocery
ORD100400,2025-04-20,CUST5102,Hyderabad,78808.86,1,1,Education
ORD100401,2025-01-13,CUST6037,Patna,3586.58,1,1,Electronics
ORD100402,2025-04-05,CUST2137,Mumbai,91115.3,1,1,Fashion
ORD100403,2025-02-22,CUST4625,Gaya,306956.37,1,1,Education
ORD100404,2025-01-10,CUST4414,Delhi,15617.29,1,1,Education
ORD100405,2025-04-05,CUST5778,Patna,72124.72,1,1,Fashion
ORD100406,2025-03-21,CUST1528,Patna,48389.92,1,1,Electronics
ORD100407,2025-06-29,CUST5430,Mumbai,138761.82,1,1,Fashion
ORD100408,2025-02-28,CUST8759,Hyderabad,22534.47,1,1,Furniture
ORD100409,2025-01-23,CUST9421,Bengaluru,115016.4,1,1,Fashion
ORD100410,2025-07-07,CUST3440,Pune,33098.3,1,1,Electronics
ORD100411,2025-07-11,CUST6631,Kolkata,28924.68,1,1,Education
ORD100412,2025-12-16,CUST9089,Patna,144413.9,1,1,Education
ORD100413,2025-12-03,CUST4703,Patna,158544.6,1,1,Electronics
ORD100414,2025-07-18,CUST4598,Patna,66336.0,1,1,Fashion
ORD100415,2025-01-16,CUST3277,Gaya,190335.12,1,1,Electronics
ORD100416,2025-06-30,CUST5932,Gaya,74970.27,1,1,Grocery
ORD100417,2025-03-25,CUST7628,Bengaluru,160299.54,1,1,Furniture
ORD100418,2025-06-04,CUST9942,Kolkata,230511.44,1,1,Electronics
ORD100419,2025-08-21,CUST6436,Bengaluru,4418.86,1,1,Fashion
ORD100420,2025-05-12,CUST2231,Delhi,1144.78,1,1,Electronics
ORD100421,2025-10-04,CUST2956,Patna,132611.45,1,1,Furniture
ORD100422,2025-12-23,CUST1764,Hyderabad,51751.06,1,1,Electronics
ORD100423,2025-04-03,CUST9649,Gaya,334585.35,1,1,Electronics
ORD100424,2025-10-03,CUST6655,Pune,3156.7,1,1,Electronics
ORD100425,2025-02-28,CUST4284,Patna,30640.69,1,1,Electronics
ORD100426,2025-06-21,CUST4269,Gaya,187463.04,1,1,Electronics
ORD100427,2025-05-31,CUST1253,Gaya,87892.59,1,1,Electronics
ORD100428,2025-02-14,CUST9754,Delhi,203569.62,1,1,Furniture
ORD100429,2025-08-08,CUST2697,Hyderabad,83144.7,1,1,Education
ORD100430,2025-10-24,CUST9209,Mumbai,268238.34,1,1,Electronics
ORD100431,2025-07-21,CUST4215,Delhi,110511.99,1,1,Fashion
ORD100432,2025-02-04,CUST2935,Delhi,30364.5,1,1,Electronics
ORD100433,2025-05-11,CUST9381,Kolkata,84855.86,1,1,Electronics
ORD100434,2025-06-10,CUST4982,Delhi,439972.2,1,1,Electronics
ORD100435,2025-01-05,CUST4849,Patna,28812.06,1,1,Grocery
ORD100436,2025-05-28,CUST3418,Gaya,1229.02,1,1,Electronics
ORD100437,2025-08-01,CUST3459,Pune,88586.31,1,1,Electronics
ORD100438,2025-11-29,CUST7937,Mumbai,223776.99,1,1,Furniture
ORD100439,2025-12-13,CUST8269,Bengaluru,93549.04,1,1,Education
ORD100440,2025-05-26,CUST9209,Gaya,11976.34,1,1,Fashion
ORD100441,2025-01-22,CUST9619,Pune,3839.04,1,1,Electronics
ORD100442,2025-08-30,CUST6887,Delhi,15733.65,1,1,Furniture
ORD100443,2025-07-24,CUST8515,Mumbai,236398.82,1,1,Furniture
ORD100444,2025-10-01,CUST9942,Delhi,85028.43,1,1,Electronics
ORD100445,2025-06-16,CUST1256,Kolkata,242289.7,1,1,Electronics
ORD100446,2025-02-23,CUST1841,Kolkata,82193.5,1,1,Education
ORD100447,2025-02-28,CUST2777,Gaya,174736.89,1,1,Electronics
ORD100448,2025-02-08,CUST2031,Gaya,34616.52,1,1,Fashion
ORD100449,2025-02-02,CUST9219,Gaya,131685.75,1,1,Electronics
ORD100451,2025-02-28,CUST3773,Patna,244608.0,1,1,Furniture
ORD100452,2025-01-22,CUST5766,Gaya,226028.39,1,1,Fashion
ORD100453,2025-08-30,CUST1189,Pune,36307.74,1,1,Fashion
ORD100454,2025-09-15,CUST4756,Delhi,5815.69,1,1,Electronics
ORD100455,2025-08-10,CUST9125,Mumbai,47927.36,1,1,Furniture
ORD100456,2025-04-16,CUST6806,Pune,246529.68,1,1,Electronics
ORD100457,2025-02-17,CUST9543,Bengaluru,91618.18,1,1,Furniture
ORD100458,2025-03-20,CUST6136,Hyderabad,71273.3,1,1,Furniture
ORD100459,2025-04-28,CUST9131,Delhi,372913.47,1,1,Education
ORD100460,2025-04-17,CUST4317,Delhi,144969.64,1,1,Education
ORD100461,2025-07-11,CUST5702,Pune,139084.8,1,1,Education
ORD100462,2025-03-22,CUST9379,Kolkata,9009.36,1,1,Electronics
ORD100463,2025-04-25,CUST7664,Delhi,216126.48,1,1,Fashion
ORD100464,2025-09-17,CUST1710,Hyderabad,440456.6,1,1,Education
ORD100465,2025-07-30,CUST2680,Patna,124790.55,1,1,Education
ORD100466,2025-08-25,CUST6783,Kolkata,189183.33,1,1,Education
ORD100467,2025-05-27,CUST8039,Kolkata,170899.98,1,1,Education
ORD100468,2025-12-23,CUST7564,Patna,176483.04,1,1,Education
ORD100469,2025-04-15,CUST8899,Delhi,153670.14,1,1,Electronics
ORD100470,2025-05-05,CUST1453,Gaya,42816.6,1,1,Fashion
ORD100471,2025-11-18,CUST5363,Delhi,135856.56,1,1,Grocery
ORD100472,2025-03-19,CUST8325,Bengaluru,324318.12,1,1,Furniture
ORD100473,2025-02-23,CUST7374,Mumbai,275300.2,1,1,Grocery
ORD100474,2025-12-08,CUST3741,Mumbai,48583.48,1,1,Electronics
ORD100475,2025-07-24,CUST4758,Pune,66288.95,1,1,Electronics
ORD100476,2025-08-22,CUST1940,Gaya,163606.7,1,1,Fashion
ORD100477,2025-05-27,CUST3024,Patna,242884.38,1,1,Electronics
ORD100478,2025-10-09,CUST7981,Mumbai,1495.14,1,1,Furniture
ORD100479,2025-08-22,CUST9259,Hyderabad,70840.92,1,1,Electronics
ORD100481,2025-08-26,CUST4966,Bengaluru,8286.54,1,1,Furniture
ORD100482,2025-01-07,CUST2632,Kolkata,67601.66,1,1,Electronics
ORD100483,2025-02-16,CUST3723,Kolkata,16453.6,1,1,Electronics
ORD100484,2025-06-24,CUST8322,Hyderabad,242974.8,1,1,Furniture
ORD100485,2025-12-25,CUST9464,Gaya,45338.4,1,1,Education
ORD100486,2025-11-15,CUST4264,Patna,278427.28,1,1,Electronics
ORD100487,2025-08-24,CUST8691,Patna,82110.87,1,1,Fashion
ORD100488,2025-02-22,CUST7117,Gaya,39406.86,1,1,Furniture
ORD100489,2025-08-24,CUST4167,Kolkata,249899.04,1,1,Electronics
ORD100490,2025-04-16,CUST6969,Hyderabad,167677.65,1,1,Grocery
ORD100491,2025-04-18,CUST9486,Hyderabad,432103.32,1,1,Fashion
ORD100492,2025-03-21,CUST2708,Delhi,189759.6,1,1,Education
ORD100493,2025-12-28,CUST1833,Gaya,111006.18,1,1,Education
ORD100494,2025-05-29,CUST8425,Delhi,100147.38,1,1,Electronics
ORD100495,2025-07-28,CUST3911,Gaya,81607.25,1,1,Fashion
ORD100496,2025-05-29,CUST2812,Gaya,767.61,1,1,Furniture
ORD100497,2025-04-07,CUST8000,Kolkata,150898.88,1,1,Grocery
ORD100498,2025-12-31,CUST6862,Patna,95386.66,1,1,Furniture
ORD100499,2025-08-24,CUST1616,Delhi,99704.97,1,1,Electronics
ORD100500,2025-06-26,CUST2835,Kolkata,65413.26,1,1,Furniture
ORD100501,2025-06-18,CUST7494,Mumbai,107028.9,1,1,Electronics
ORD100502,2025-12-07,CUST8789,Delhi,26647.6,1,1,Education
ORD100503,2025-04-30,CUST4457,Hyderabad,110260.04,1,1,Electronics
ORD100504,2025-07-15,CUST6258,Pune,40225.63,1,1,Electronics
ORD100505,2025-09-06,CUST9324,Hyderabad,12494.97,1,1,Furniture
ORD100506,2025-06-02,CUST2027,Gaya,121322.16,1,1,Grocery
ORD100507,2025-11-06,CUST9966,Kolkata,253864.0,1,1,Electronics
ORD100508,2025-03-08,CUST3747,Mumbai,23973.18,1,1,Electronics
ORD100509,2025-08-25,CUST9303,Kolkata,376981.83,1,1,Electronics
ORD100510,2025-04-21,CUST9282,Mumbai,70625.7,1,1,Electronics
ORD100511,2025-10-22,CUST1565,Delhi,80289.8,1,1,Education
ORD100512,2025-10-29,CUST6704,Mumbai,348147.24,1,1,Furniture
ORD100513,2025-10-24,CUST8023,Mumbai,101845.28,1,1,Fashion
ORD100514,2025-08-09,CUST6860,Bengaluru,30210.72,1,1,Electronics
ORD100515,2025-02-12,CUST2661,Delhi,252904.44,1,1,Electronics
ORD100516,2025-05-12,CUST1316,Delhi,16249.69,1,1,Electronics
ORD100517,2025-05-09,CUST7283,Mumbai,98418.06,1,1,Fashion
ORD100518,2025-12-16,CUST3089,Kolkata,139534.08,1,1,Electronics
ORD100519,2025-12-19,CUST8947,Patna,146639.61,1,1,Grocery
ORD100520,2025-11-09,CUST9042,Hyderabad,64916.12,1,1,Furniture
ORD100521,2025-10-23,CUST8907,Hyderabad,288940.95,1,1,Grocery
ORD100522,2025-04-24,CUST6260,Gaya,105954.6,1,1,Electronics
ORD100523,2025-07-05,CUST9055,Gaya,47870.04,1,1,Electronics
ORD100524,2025-02-10,CUST3778,Bengaluru,47848.0,1,1,Fashion
ORD100526,2025-02-14,CUST6706,Mumbai,45333.96,1,1,Electronics
ORD100527,2025-03-27,CUST8200,Patna,97801.84,1,1,Electronics
ORD100528,2025-07-29,CUST5010,Pune,124324.34,1,1,Grocery
ORD100529,2025-09-08,CUST5233,Mumbai,48906.12,1,1,Education
ORD100530,2025-12-18,CUST4089,Gaya,112630.77,1,1,Fashion
ORD100531,2025-05-15,CUST7568,Gaya,40250.63,1,1,Grocery
ORD100532,2025-09-20,CUST3835,Delhi,144095.7,1,1,Education
ORD100533,2025-06-08,CUST1124,Patna,362370.56,1,1,Grocery
ORD100534,2025-07-16,CUST8700,Mumbai,125182.65,1,1,Electronics
ORD100535,2025-04-05,CUST2742,Delhi,107330.05,1,1,Grocery
ORD100536,2025-12-14,CUST6394,Bengaluru,57013.62,1,1,Grocery
ORD100537,2025-01-30,CUST9469,Mumbai,184192.74,1,1,Furniture
ORD100538,2025-08-09,CUST5133,Pune,19382.82,1,1,Electronics
ORD100539,2025-10-17,CUST5535,Gaya,81639.9,1,1,Grocery
ORD100540,2025-06-12,CUST1419,Mumbai,54878.34,1,1,Grocery
ORD100541,2025-11-17,CUST3972,Gaya,240883.83,1,1,Grocery
ORD100542,2025-09-16,CUST2515,Patna,48215.86,1,1,Fashion
ORD100543,2025-06-30,CUST2394,Patna,299334.78,1,1,Grocery
ORD100544,2025-11-21,CUST7033,Gaya,156203.52,1,1,Electronics
ORD100545,2025-02-19,CUST7824,Pune,14634.25,1,1,Grocery
ORD100546,2025-02-24,CUST2039,Mumbai,231048.23,1,1,Electronics
ORD100547,2025-12-25,CUST4569,Patna,419975.28,1,1,Electronics
ORD100548,2025-12-10,CUST7568,Pune,32636.43,1,1,Fashion
ORD100549,2025-05-31,CUST1780,Hyderabad,105473.12,1,1,Education
ORD100550,2025-03-27,CUST5244,Pune,207547.7,1,1,Grocery
ORD100551,2025-09-26,CUST7188,Bengaluru,54089.48,1,1,Electronics
ORD100552,2025-06-08,CUST7042,Kolkata,70227.96,1,1,Education
ORD100553,2025-12-25,CUST4646,Bengaluru,190160.1,1,1,Grocery
ORD100554,2025-07-03,CUST3623,Mumbai,338531.22,1,1,Electronics
ORD100555,2025-01-28,CUST1399,Gaya,74022.24,1,1,Education
ORD100556,2025-12-09,CUST2515,Hyderabad,126104.76,1,1,Electronics
ORD100557,2025-03-05,CUST7285,Hyderabad,9639.44,1,1,Education
ORD100558,2025-10-02,CUST1401,Delhi,254734.06,1,1,Grocery
ORD100559,2025-05-09,CUST9458,Delhi,34604.6,1,1,Electronics
ORD100560,2025-10-22,CUST9612,Kolkata,66134.2,1,1,Electronics
ORD100561,2025-01-11,CUST2520,Kolkata,141401.85,1,1,Electronics
ORD100562,2025-09-07,CUST3001,Delhi,6150.86,1,1,Education
ORD100563,2025-12-29,CUST7491,Bengaluru,107697.64,1,1,Grocery
ORD100564,2025-03-16,CUST3473,Hyderabad,18903.96,1,1,Education
ORD100565,2025-10-12,CUST6748,Patna,396906.8,1,1,Education
ORD100566,2025-10-23,CUST4722,Bengaluru,217967.64,1,1,Furniture
ORD100567,2025-01-20,CUST5431,Mumbai,215478.9,1,1,Electronics
ORD100568,2025-04-13,CUST3316,Patna,261998.08,1,1,Education
ORD100569,2025-03-17,CUST9510,Kolkata,432513.0,1,1,Furniture
ORD100570,2025-03-08,CUST9273,Hyderabad,143245.35,1,1,Furniture
ORD100571,2025-12-22,CUST5206,Patna,65107.76,1,1,Education
ORD100572,2025-05-10,CUST3820,Delhi,100104.3,1,1,Grocery
ORD100573,2025-01-09,CUST5791,Patna,78010.54,1,1,Fashion
ORD100574,2026-01-01,CUST2343,Patna,98080.92,1,1,Electronics
ORD100575,2025-09-20,CUST6654,Pune,15439.6,1,1,Electronics
ORD100576,2025-05-16,CUST8820,Kolkata,294353.64,1,1,Electronics
ORD100577,2025-06-18,CUST9181,Patna,2892.4,1,1,Electronics
ORD100578,2025-03-09,CUST8098,Patna,107775.6,1,1,Fashion
ORD100579,2025-04-19,CUST6006,Delhi,186072.9,1,1,Furniture
ORD100580,2025-06-20,CUST1094,Patna,211945.9,1,1,Electronics
ORD100581,2025-07-07,CUST1468,Kolkata,359775.2,1,1,Fashion
ORD100582,2025-12-29,CUST6704,Pune,104186.0,1,1,Fashion
ORD100583,2025-03-07,CUST1936,Delhi,130702.11,1,1,Electronics
ORD100584,2025-09-24,CUST8399,Mumbai,97826.15,1,1,Education
ORD100585,2025-02-08,CUST8075,Patna,38212.75,1,1,Fashion
ORD100586,2025-01-13,CUST8826,Gaya,154420.0,1,1,Electronics
ORD100587,2025-09-04,CUST9700,Kolkata,40148.6,1,1,Electronics
ORD100588,2025-03-20,CUST8600,Hyderabad,10884.12,1,1,Education
ORD100589,2025-12-17,CUST8513,Pune,228955.74,1,1,Electronics
ORD100590,2025-12-19,CUST8595,Mumbai,18229.0,1,1,Electronics
ORD100591,2025-06-27,CUST9489,Delhi,29313.46,1,1,Education
ORD100592,2025-08-08,CUST7226,Mumbai,3859.08,1,1,Electronics
ORD100593,2025-01-01,CUST1840,Kolkata,23787.6,1,1,Electronics
ORD100594,2025-08-06,CUST9449,Mumbai,23934.94,1,1,Fashion
ORD100595,2025-04-17,CUST3537,Pune,141646.92,1,1,Furniture
ORD100596,2025-10-12,CUST4041,Delhi,15515.24,1,1,Grocery
ORD100597,2025-05-06,CUST4417,Mumbai,6280.83,1,1,Electronics
ORD100598,2025-08-04,CUST4099,Delhi,208572.3,1,1,Fashion
ORD100599,2025-03-28,CUST3107,Kolkata,28766.56,1,1,Electronics
ORD100601,2025-04-02,CUST9111,Kolkata,153103.75,1,1,Fashion
ORD100602,2025-09-05,CUST8813,Bengaluru,350597.34,1,1,Electronics
ORD100603,2025-08-04,CUST7221,Gaya,15069.36,1,1,Electronics
ORD100604,2025-07-28,CUST5899,Gaya,23158.0,1,1,Electronics
ORD100605,2025-07-27,CUST4483,Patna,370228.72,1,1,Education
ORD100606,2025-02-20,CUST4438,Kolkata,29540.26,1,1,Furniture
ORD100607,2025-10-21,CUST9123,Mumbai,270574.5,1,1,Grocery
ORD100608,2025-07-22,CUST2364,Hyderabad,83149.52,1,1,Grocery
ORD100609,2025-02-20,CUST6314,Gaya,155811.12,1,1,Grocery
ORD100610,2025-11-23,CUST8128,Kolkata,17070.85,1,1,Electronics
ORD100611,2025-12-21,CUST8583,Delhi,35903.14,1,1,Electronics
ORD100612,2025-04-09,CUST4488,Kolkata,47539.35,1,1,Electronics
ORD100613,2025-06-01,CUST5178,Mumbai,109792.04,1,1,Education
ORD100614,2025-05-06,CUST9217,Delhi,22073.4,1,1,Education
ORD100615,2025-03-26,CUST4150,Delhi,359892.18,1,1,Education
ORD100616,2025-12-10,CUST3751,Bengaluru,69239.88,1,1,Fashion
ORD100617,2025-06-04,CUST1991,Kolkata,126402.03,1,1,Education
ORD100618,2025-07-14,CUST8124,Pune,87386.72,1,1,Fashion
ORD100619,2025-12-17,CUST6678,Kolkata,28362.94,1,1,Grocery
ORD100620,2025-10-11,CUST8268,Kolkata,115132.52,1,1,Fashion
ORD100621,2025-12-25,CUST1835,Gaya,64865.3,1,1,Furniture
ORD100622,2025-05-11,CUST3497,Patna,119906.32,1,1,Electronics
ORD100623,2025-02-13,CUST1452,Hyderabad,266207.48,1,1,Fashion
ORD100624,2025-06-21,CUST7416,Hyderabad,482551.9,1,1,Grocery
ORD100625,2025-06-19,CUST4137,Mumbai,251740.53,1,1,Electronics
ORD100626,2025-11-26,CUST8649,Gaya,420808.14,1,1,Grocery
ORD100627,2025-02-02,CUST7361,Hyderabad,142398.54,1,1,Electronics
ORD100628,2025-06-13,CUST9567,Delhi,33193.9,1,1,Fashion
ORD100629,2025-05-16,CUST6432,Mumbai,46021.88,1,1,Education
ORD100630,2025-03-12,CUST4934,Bengaluru,318588.55,1,1,Grocery
ORD100631,2025-09-04,CUST6845,Hyderabad,422321.22,1,1,Furniture
ORD100632,2025-03-02,CUST1252,Pune,112029.57,1,1,Fashion
ORD100633,2025-07-20,CUST1994,Patna,141759.6,1,1,Furniture
ORD100634,2025-03-13,CUST9488,Pune,58079.12,1,1,Fashion
ORD100635,2025-11-20,CUST9421,Patna,771.84,1,1,Furniture
ORD100636,2025-05-10,CUST4810,Kolkata,97167.28,1,1,Fashion
ORD100637,2025-03-10,CUST1106,Patna,51838.36,1,1,Grocery
ORD100638,2025-03-27,CUST9693,Bengaluru,97529.68,1,1,Grocery
ORD100639,2025-05-08,CUST3004,Pune,3971.35,1,1,Fashion
ORD100640,2025-10-13,CUST6421,Gaya,38696.65,1,1,Electronics
ORD100641,2025-06-14,CUST6345,Delhi,34302.92,1,1,Education
ORD100642,2025-10-19,CUST9384,Mumbai,20626.25,1,1,Grocery
ORD100643,2025-05-12,CUST9081,Mumbai,355910.49,1,1,Electronics
ORD100644,2025-09-18,CUST6589,Kolkata,70470.99,1,1,Furniture
ORD100645,2025-05-04,CUST7844,Patna,134060.64,1,1,Furniture
ORD100646,2025-08-29,CUST4673,Delhi,81396.85,1,1,Fashion
ORD100647,2025-12-14,CUST7504,Pune,106265.28,1,1,Electronics
ORD100648,2025-09-09,CUST6921,Patna,11206.86,1,1,Electronics
ORD100649,2025-01-06,CUST4109,Delhi,221067.8,1,1,Grocery
ORD100650,2025-09-22,CUST2181,Bengaluru,22401.12,1,1,Grocery
ORD100651,2025-01-31,CUST8708,Kolkata,192834.67,1,1,Electronics
ORD100652,2025-02-03,CUST7219,Pune,229527.7,1,1,Education
ORD100653,2025-04-21,CUST5516,Kolkata,211333.38,1,1,Grocery
ORD100654,2025-02-23,CUST9562,Mumbai,129925.28,1,1,Furniture
ORD100655,2025-08-01,CUST8347,Hyderabad,12255.87,1,1,Education
ORD100656,2025-07-09,CUST3567,Bengaluru,300593.16,1,1,Furniture
ORD100657,2025-12-01,CUST8110,Delhi,103074.8,1,1,Electronics
ORD100658,2025-10-14,CUST4584,Pune,462701.3,1,1,Fashion
ORD100659,2025-09-02,CUST4537,Gaya,167620.15,1,1,Education
ORD100660,2025-01-13,CUST5154,Mumbai,76131.68,1,1,Education
ORD100661,2025-09-13,CUST9614,Bengaluru,84656.2,1,1,Fashion
ORD100662,2025-09-17,CUST8300,Hyderabad,14491.62,1,1,Grocery
ORD100663,2025-07-20,CUST1673,Gaya,175604.15,1,1,Grocery
ORD100664,2025-07-07,CUST7016,Pune,184654.44,1,1,Furniture
ORD100665,2025-07-04,CUST2672,Pune,191186.12,1,1,Electronics
ORD100666,2025-12-15,CUST3237,Kolkata,270087.16,1,1,Grocery
ORD100667,2025-03-02,CUST2794,Mumbai,230210.46,1,1,Electronics
ORD100668,2025-03-22,CUST6684,Bengaluru,193199.4,1,1,Furniture
ORD100669,2025-07-12,CUST3321,Bengaluru,62003.61,1,1,Electronics
ORD100670,2025-08-13,CUST2904,Bengaluru,412680.6,1,1,Fashion
ORD100671,2025-07-16,CUST1681,Delhi,140328.85,1,1,Fashion
ORD100672,2025-12-22,CUST7863,Gaya,202154.0,1,1,Furniture
ORD100673,2025-05-26,CUST2218,Delhi,63231.28,1,1,Furniture
ORD100674,2025-01-16,CUST6288,Kolkata,17212.99,1,1,Electronics
ORD100676,2025-12-04,CUST1433,Mumbai,108470.6,1,1,Fashion
ORD100677,2025-07-21,CUST4997,Hyderabad,45063.04,1,1,Education
ORD100678,2025-08-01,CUST2827,Hyderabad,84805.75,1,1,Education
ORD100679,2025-05-30,CUST4559,Bengaluru,52501.23,1,1,Electronics
ORD100680,2025-07-04,CUST7093,Mumbai,237005.1,1,1,Furniture
ORD100681,2025-07-07,CUST8364,Hyderabad,85364.44,1,1,Electronics
ORD100682,2025-06-03,CUST3285,Mumbai,392423.76,1,1,Electronics
ORD100683,2025-04-02,CUST1104,Hyderabad,90746.36,1,1,Education
ORD100684,2025-02-08,CUST5155,Bengaluru,172543.0,1,1,Electronics
ORD100685,2025-10-24,CUST6082,Mumbai,151195.45,1,1,Electronics
ORD100686,2025-12-06,CUST3966,Hyderabad,120078.24,1,1,Furniture
ORD100687,2025-04-29,CUST2093,Mumbai,121791.05,1,1,Electronics
ORD100688,2025-12-31,CUST9957,Pune,99838.56,1,1,Furniture
ORD100689,2025-11-13,CUST3682,Kolkata,144829.17,1,1,Education
ORD100690,2025-02-07,CUST4110,Kolkata,360621.09,1,1,Grocery
ORD100691,2025-08-03,CUST2597,Kolkata,287434.35,1,1,Electronics
ORD100692,2025-02-22,CUST8390,Mumbai,285282.83,1,1,Electronics
ORD100693,2025-12-09,CUST4270,Kolkata,458774.9,1,1,Education
ORD100694,2025-06-22,CUST3138,Mumbai,104971.05,1,1,Grocery
ORD100695,2025-11-30,CUST4602,Pune,6430.22,1,1,Furniture
ORD100696,2025-11-11,CUST7631,Gaya,107745.36,1,1,Fashion
ORD100697,2025-04-18,CUST8708,Pune,265230.9,1,1,Electronics
ORD100698,2025-03-04,CUST7317,Delhi,124305.24,1,1,Education
ORD100699,2025-07-06,CUST2644,Pune,175457.4,1,1,Furniture
ORD100700,2025-05-20,CUST9674,Mumbai,106274.97,1,1,Electronics
ORD100701,2025-09-01,CUST3078,Gaya,76256.64,1,1,Grocery
ORD100702,2025-07-31,CUST8962,Kolkata,254006.73,1,1,Education
ORD100703,2025-01-18,CUST7236,Gaya,130323.36,1,1,Education
ORD100704,2025-08-18,CUST4420,Gaya,13705.83,1,1,Furniture
ORD100705,2025-05-14,CUST6621,Mumbai,34477.47,1,1,Education
ORD100706,2025-05-05,CUST8532,Delhi,69756.24,1,1,Furniture
ORD100707,2025-11-19,CUST6658,Patna,285180.93,1,1,Education
ORD100708,2025-10-06,CUST4742,Kolkata,74556.42,1,1,Electronics
ORD100709,2025-04-23,CUST2744,Bengaluru,76084.8,1,1,Electronics
ORD100710,2025-05-24,CUST6870,Hyderabad,70818.68,1,1,Grocery
ORD100711,2025-01-07,CUST1175,Gaya,113673.3,1,1,Fashion
ORD100712,2025-09-04,CUST3745,Hyderabad,217666.56,1,1,Electronics
ORD100713,2025-12-14,CUST6638,Bengaluru,167313.48,1,1,Fashion
ORD100714,2025-05-05,CUST4037,Kolkata,470798.6,1,1,Electronics
ORD100715,2025-01-06,CUST8877,Kolkata,60403.62,1,1,Education
ORD100716,2025-02-08,CUST6096,Patna,197341.68,1,1,Fashion
ORD100717,2025-02-24,CUST7371,Bengaluru,39342.98,1,1,Electronics
ORD100718,2025-02-27,CUST4532,Pune,210571.1,1,1,Fashion
ORD100719,2025-09-13,CUST6697,Pune,75059.95,1,1,Furniture
ORD100721,2025-09-14,CUST7615,Patna,163012.74,1,1,Grocery
ORD100722,2025-08-13,CUST8431,Delhi,220973.34,1,1,Grocery
ORD100723,2025-11-28,CUST8657,Delhi,444016.4,1,1,Electronics
ORD100724,2025-01-28,CUST6762,Delhi,10934.02,1,1,Grocery
ORD100725,2025-10-10,CUST5477,Kolkata,284448.64,1,1,Electronics
ORD100726,2025-07-06,CUST8338,Pune,188413.61,1,1,Fashion
ORD100727,2025-09-29,CUST3850,Kolkata,122047.5,1,1,Furniture
ORD100728,2025-10-11,CUST8017,Patna,196003.1,1,1,Furniture
ORD100729,2025-07-30,CUST5295,Kolkata,120358.95,1,1,Education
ORD100730,2025-01-05,CUST4553,Kolkata,165937.8,1,1,Furniture
ORD100731,2025-06-30,CUST1269,Gaya,80421.12,1,1,Education
ORD100732,2025-01-09,CUST6578,Hyderabad,19202.88,1,1,Fashion
ORD100733,2025-02-13,CUST2832,Pune,162512.76,1,1,Furniture
ORD100734,2025-03-07,CUST8314,Gaya,73387.62,1,1,Furniture
ORD100735,2025-01-27,CUST7026,Bengaluru,152156.34,1,1,Grocery
ORD100736,2025-09-23,CUST2793,Gaya,115263.96,1,1,Electronics
ORD100737,2025-02-27,CUST7522,Kolkata,2070.65,1,1,Grocery
ORD100738,2025-12-29,CUST1987,Kolkata,58568.76,1,1,Electronics
ORD100739,2025-12-17,CUST9414,Hyderabad,77138.4,1,1,Grocery
ORD100740,2025-07-13,CUST2589,Delhi,84392.92,1,1,Electronics
ORD100741,2025-09-30,CUST8851,Kolkata,3753.78,1,1,Furniture
ORD100742,2025-10-31,CUST4103,Pune,63588.21,1,1,Grocery
ORD100743,2025-03-09,CUST2138,Gaya,137878.74,1,1,Grocery
ORD100744,2025-09-11,CUST9645,Pune,69539.12,1,1,Furniture
ORD100745,2025-11-27,CUST5624,Patna,319922.96,1,1,Electronics
ORD100746,2025-11-13,CUST9518,Pune,123894.12,1,1,Electronics
ORD100747,2025-01-04,CUST9339,Patna,245737.05,1,1,Furniture
ORD100748,2025-04-22,CUST9465,Gaya,175335.5,1,1,Electronics
ORD100749,2025-04-23,CUST6348,Kolkata,92286.1,1,1,Electronics
ORD100751,2025-01-11,CUST8058,Pune,146255.58,1,1,Education
ORD100752,2025-03-12,CUST2921,Patna,139876.08,1,1,Fashion
ORD100753,2025-09-19,CUST9650,Hyderabad,17299.04,1,1,Education
ORD100754,2025-01-24,CUST2604,Kolkata,51372.25,1,1,Electronics
ORD100755,2025-11-19,CUST9651,Delhi,242701.7,1,1,Education
ORD100756,2025-12-20,CUST1637,Patna,20669.3,1,1,Grocery
ORD100757,2025-05-08,CUST9515,Kolkata,133044.7,1,1,Furniture
ORD100758,2025-11-02,CUST7173,Hyderabad,47212.5,1,1,Electronics
ORD100759,2025-06-04,CUST6279,Kolkata,256986.2,1,1,Electronics
ORD100760,2025-12-27,CUST2867,Hyderabad,257759.6,1,1,Fashion
ORD100761,2025-10-02,CUST3851,Delhi,29862.4,1,1,Electronics
ORD100762,2025-12-07,CUST8729,Kolkata,163132.56,1,1,Furniture
ORD100763,2025-05-01,CUST3580,Gaya,89124.8,1,1,Electronics
ORD100764,2025-10-13,CUST4706,Bengaluru,492174.1,1,1,Electronics
ORD100765,2025-07-05,CUST8834,Mumbai,73262.46,1,1,Grocery
ORD100766,2025-06-24,CUST6815,Patna,16650.75,1,1,Furniture
ORD100767,2025-03-31,CUST1790,Hyderabad,12225.22,1,1,Electronics
ORD100768,2025-05-09,CUST9952,Bengaluru,198199.5,1,1,Electronics
ORD100769,2025-10-10,CUST7600,Pune,42736.43,1,1,Electronics
ORD100770,2025-01-08,CUST9628,Bengaluru,72852.1,1,1,Furniture
ORD100771,2025-10-31,CUST5415,Delhi,12121.61,1,1,Fashion
ORD100772,2025-10-16,CUST6752,Kolkata,59121.8,1,1,Grocery
ORD100773,2025-04-24,CUST7110,Hyderabad,3953.8,1,1,Electronics
ORD100774,2025-10-06,CUST5240,Patna,92846.81,1,1,Electronics
ORD100775,2025-01-10,CUST5505,Bengaluru,210141.3,1,1,Education
ORD100776,2025-07-09,CUST6116,Gaya,86309.0,1,1,Furniture
ORD100777,2025-02-16,CUST3566,Patna,178545.48,1,1,Electronics
ORD100778,2025-12-04,CUST3763,Hyderabad,91076.4,1,1,Furniture
ORD100779,2025-04-18,CUST3948,Hyderabad,116728.5,1,1,Furniture
ORD100780,2025-07-29,CUST2369,Mumbai,64307.52,1,1,Furniture
ORD100781,2025-02-21,CUST3542,Patna,47618.43,1,1,Electronics
ORD100782,2025-12-23,CUST7724,Kolkata,100442.24,1,1,Education
ORD100783,2025-09-20,CUST5419,Patna,7179.39,1,1,Education
ORD100784,2025-12-11,CUST6571,Pune,75706.23,1,1,Furniture
ORD100785,2025-01-18,CUST7650,Kolkata,347736.0,1,1,Education
ORD100786,2025-10-14,CUST7445,Bengaluru,321222.51,1,1,Fashion
ORD100787,2025-06-22,CUST6565,Gaya,168646.62,1,1,Education
ORD100788,2025-05-04,CUST2969,Kolkata,237972.6,1,1,Grocery
ORD100789,2025-07-13,CUST3298,Kolkata,72667.0,1,1,Grocery
ORD100790,2025-12-28,CUST3260,Mumbai,110900.34,1,1,Education
ORD100791,2025-09-03,CUST9962,Mumbai,181783.2,1,1,Furniture
ORD100792,2025-05-21,CUST6814,Bengaluru,56546.37,1,1,Fashion
ORD100793,2025-12-11,CUST2859,Kolkata,161565.2,1,1,Grocery
ORD100794,2025-05-24,CUST7228,Bengaluru,117472.56,1,1,Fashion
ORD100795,2025-01-30,CUST2551,Patna,61673.9,1,1,Education
ORD100796,2026-01-01,CUST6845,Mumbai,347158.53,1,1,Fashion
ORD100797,2025-07-22,CUST5806,Bengaluru,113054.04,1,1,Education
ORD100798,2025-07-01,CUST5718,Kolkata,80473.4,1,1,Fashion
ORD100799,2025-11-07,CUST8242,Mumbai,235460.7,1,1,Grocery
ORD100800,2025-09-27,CUST1618,Patna,158916.6,1,1,Grocery
ORD100801,2025-05-10,CUST3297,Gaya,40350.67,1,1,Electronics
ORD100802,2025-11-14,CUST4901,Mumbai,47545.23,1,1,Grocery
ORD100803,2025-10-11,CUST3189,Kolkata,69219.64,1,1,Education
ORD100804,2025-12-11,CUST3690,Delhi,102479.94,1,1,Education
ORD100805,2025-05-22,CUST7876,Bengaluru,402956.64,1,1,Fashion
ORD100806,2025-03-02,CUST9089,Gaya,324833.2,1,1,Fashion
ORD100807,2025-10-05,CUST6442,Kolkata,429297.21,1,1,Furniture
ORD100808,2025-06-20,CUST9514,Patna,46255.26,1,1,Furniture
ORD100809,2025-06-02,CUST7903,Bengaluru,101295.36,1,1,Fashion
ORD100810,2025-06-04,CUST1658,Hyderabad,193777.92,1,1,Grocery
ORD100811,2025-01-04,CUST6719,Patna,45270.45,1,1,Education
ORD100812,2025-01-31,CUST4941,Mumbai,60395.06,1,1,Furniture
ORD100813,2025-05-14,CUST5851,Patna,83088.9,1,1,Electronics
ORD100814,2025-09-17,CUST1149,Hyderabad,340749.52,1,1,Electronics
ORD100815,2025-09-08,CUST6336,Delhi,26771.99,1,1,Electronics
ORD100816,2025-06-04,CUST1960,Kolkata,285213.69,1,1,Grocery
ORD100817,2025-03-29,CUST6933,Patna,125483.1,1,1,Grocery
ORD100818,2025-07-05,CUST3006,Hyderabad,252238.7,1,1,Furniture
ORD100819,2025-12-09,CUST8754,Kolkata,173173.12,1,1,Electronics
ORD100820,2025-01-09,CUST9458,Bengaluru,21553.66,1,1,Electronics
ORD100821,2025-06-16,CUST4979,Mumbai,51456.6,1,1,Education
ORD100822,2025-09-15,CUST6340,Gaya,21368.29,1,1,Grocery
ORD100823,2025-07-21,CUST7814,Bengaluru,331893.24,1,1,Fashion
ORD100824,2025-03-30,CUST8199,Gaya,10864.96,1,1,Furniture
ORD100826,2025-04-05,CUST7065,Bengaluru,241144.8,1,1,Fashion
ORD100827,2025-06-19,CUST6162,Mumbai,31849.44,1,1,Electronics
ORD100828,2025-11-03,CUST6944,Gaya,34742.76,1,1,Education
ORD100829,2025-02-27,CUST8319,Delhi,99371.28,1,1,Grocery
ORD100830,2025-04-10,CUST6540,Kolkata,87368.96,1,1,Fashion
ORD100831,2025-01-09,CUST8453,Patna,101689.05,1,1,Electronics
ORD100832,2025-08-16,CUST5605,Kolkata,126051.16,1,1,Fashion
ORD100833,2025-11-05,CUST8704,Kolkata,107664.42,1,1,Electronics
ORD100834,2025-12-03,CUST3264,Gaya,42437.1,1,1,Electronics
ORD100835,2025-03-21,CUST9364,Gaya,99559.14,1,1,Education
ORD100836,2025-06-10,CUST3366,Patna,122685.55,1,1,Electronics
ORD100837,2025-09-05,CUST6067,Kolkata,31957.88,1,1,Electronics
ORD100838,2025-11-27,CUST5389,Mumbai,58707.36,1,1,Fashion
ORD100839,2025-05-12,CUST8766,Hyderabad,235105.5,1,1,Electronics
ORD100841,2025-04-16,CUST7544,Mumbai,350933.9,1,1,Education
ORD100842,2025-11-06,CUST8217,Delhi,68529.18,1,1,Education
ORD100843,2025-06-05,CUST6780,Hyderabad,269519.53,1,1,Education
ORD100844,2025-08-22,CUST9804,Patna,226417.1,1,1,Electronics
ORD100845,2025-11-07,CUST5876,Patna,222899.82,1,1,Electronics
ORD100846,2025-09-29,CUST1026,Kolkata,164965.29,1,1,Education
ORD100847,2025-11-08,CUST5432,Patna,15571.2,1,1,Fashion
ORD100848,2025-03-28,CUST8575,Patna,38929.37,1,1,Education
ORD100849,2025-03-17,CUST5455,Bengaluru,86715.66,1,1,Furniture
ORD100850,2025-04-12,CUST2834,Kolkata,270821.34,1,1,Grocery
ORD100851,2025-06-29,CUST4431,Gaya,30519.5,1,1,Furniture
ORD100852,2025-06-01,CUST3744,Mumbai,93190.71,1,1,Fashion
ORD100853,2025-03-17,CUST1962,Delhi,55802.3,1,1,Grocery
ORD100854,2025-06-25,CUST7787,Pune,286879.52,1,1,Education
ORD100855,2025-05-19,CUST3679,Patna,239465.0,1,1,Fashion
ORD100856,2025-05-26,CUST8455,Bengaluru,95992.04,1,1,Fashion
ORD100857,2025-09-18,CUST4973,Kolkata,42500.65,1,1,Fashion
ORD100858,2025-12-20,CUST7578,Delhi,60346.48,1,1,Grocery
ORD100859,2025-07-28,CUST9287,Bengaluru,31117.36,1,1,Education
ORD100860,2025-07-10,CUST3430,Kolkata,215754.42,1,1,Electronics
ORD100861,2025-10-15,CUST9817,Patna,66300.43,1,1,Electronics
ORD100862,2025-09-28,CUST7072,Gaya,210619.12,1,1,Fashion
ORD100863,2025-05-10,CUST9510,Delhi,434820.24,1,1,Furniture
ORD100864,2025-11-20,CUST3327,Pune,90435.84,1,1,Electronics
ORD100865,2025-07-20,CUST2202,Patna,80260.42,1,1,Furniture
ORD100866,2025-12-23,CUST3767,Hyderabad,1981.7,1,1,Furniture
ORD100867,2025-01-09,CUST4947,Bengaluru,37605.65,1,1,Furniture
ORD100868,2025-06-14,CUST4888,Pune,40275.15,1,1,Fashion
ORD100869,2025-12-21,CUST4996,Delhi,113053.32,1,1,Education
ORD100870,2025-09-12,CUST4112,Kolkata,51766.12,1,1,Fashion
ORD100871,2025-03-16,CUST1442,Pune,27918.98,1,1,Education
ORD100872,2025-12-23,CUST2757,Patna,64048.05,1,1,Electronics
ORD100873,2025-11-18,CUST5319,Mumbai,138242.6,1,1,Electronics
ORD100874,2025-12-12,CUST4391,Hyderabad,197421.55,1,1,Electronics
ORD100875,2025-10-12,CUST7317,Delhi,14505.96,1,1,Furniture
ORD100876,2025-11-30,CUST7473,Mumbai,200523.55,1,1,Grocery
ORD100877,2025-12-19,CUST9104,Bengaluru,91718.44,1,1,Education
ORD100878,2025-11-25,CUST7091,Mumbai,237573.1,1,1,Grocery
ORD100879,2025-05-18,CUST1258,Hyderabad,47389.09,1,1,Electronics
ORD100880,2025-10-08,CUST1691,Mumbai,14209.86,1,1,Electronics
ORD100881,2025-06-27,CUST9404,Gaya,70861.06,1,1,Education
ORD100882,2025-08-22,CUST6532,Hyderabad,358492.72,1,1,Grocery
ORD100883,2025-06-03,CUST1779,Delhi,166613.7,1,1,Fashion
ORD100884,2025-03-07,CUST4651,Kolkata,99449.28,1,1,Electronics
ORD100885,2025-05-07,CUST9027,Mumbai,25767.92,1,1,Fashion
ORD100886,2025-08-12,CUST1396,Pune,21572.48,1,1,Furniture
ORD100887,2025-01-15,CUST9132,Pune,310471.04,1,1,Grocery
ORD100888,2025-11-26,CUST4926,Delhi,13050.5,1,1,Education
ORD100889,2025-03-25,CUST3987,Pune,330496.47,1,1,Grocery
ORD100890,2025-08-30,CUST5136,Mumbai,16506.48,1,1,Grocery
ORD100891,2025-02-11,CUST8849,Patna,181093.04,1,1,Education
ORD100892,2025-04-26,CUST3603,Delhi,15061.67,1,1,Grocery
ORD100893,2025-05-18,CUST4073,Pune,92444.73,1,1,Fashion
ORD100894,2025-12-01,CUST7068,Hyderabad,292060.48,1,1,Education
ORD100895,2025-10-20,CUST5762,Mumbai,31247.14,1,1,Education
ORD100896,2025-11-05,CUST1611,Patna,46050.0,1,1,Grocery
ORD100897,2025-06-07,CUST1806,Patna,64332.45,1,1,Furniture
ORD100898,2025-11-02,CUST4730,Patna,203288.64,1,1,Electronics
ORD100899,2025-12-15,CUST7164,Pune,282545.1,1,1,Fashion
ORD100901,2025-10-21,CUST6152,Bengaluru,118857.45,1,1,Electronics
ORD100902,2025-11-19,CUST6881,Delhi,297463.11,1,1,Electronics
ORD100903,2025-11-12,CUST3438,Patna,148435.74,1,1,Fashion
ORD100904,2025-03-25,CUST1890,Gaya,129500.85,1,1,Furniture
ORD100905,2025-01-11,CUST9994,Delhi,261678.42,1,1,Furniture
ORD100906,2025-12-01,CUST1906,Hyderabad,40714.7,1,1,Furniture
ORD100907,2025-01-19,CUST4977,Mumbai,200969.45,1,1,Furniture
ORD100908,2025-02-14,CUST6241,Hyderabad,18127.66,1,1,Furniture
ORD100909,2025-08-13,CUST1759,Delhi,109150.3,1,1,Electronics
ORD100910,2025-07-28,CUST4515,Hyderabad,78848.08,1,1,Grocery
ORD100911,2025-06-06,CUST6309,Mumbai,61486.2,1,1,Grocery
ORD100912,2025-02-10,CUST2384,Gaya,30394.74,1,1,Electronics
ORD100913,2025-05-04,CUST5025,Patna,20875.52,1,1,Education
ORD100914,2025-07-28,CUST5363,Pune,129458.07,1,1,Fashion
ORD100915,2025-05-21,CUST1753,Hyderabad,3239.94,1,1,Fashion
ORD100916,2025-02-27,CUST7186,Mumbai,10625.65,1,1,Fashion
ORD100917,2025-04-03,CUST2804,Pune,90508.14,1,1,Electronics
ORD100918,2025-11-06,CUST1997,Patna,59828.92,1,1,Electronics
ORD100919,2025-11-19,CUST7609,Pune,154958.15,1,1,Fashion
ORD100920,2025-12-08,CUST7026,Bengaluru,110596.22,1,1,Electronics
ORD100921,2025-05-06,CUST6414,Delhi,62429.88,1,1,Electronics
ORD100922,2025-10-19,CUST3652,Hyderabad,21496.95,1,1,Education
ORD100923,2025-10-08,CUST4106,Gaya,299498.92,1,1,Grocery
ORD100924,2025-11-13,CUST7933,Bengaluru,91236.0,1,1,Grocery
ORD100925,2025-06-10,CUST9299,Delhi,215004.9,1,1,Electronics
ORD100926,2025-12-24,CUST5160,Delhi,1961.91,1,1,Education
ORD100927,2025-01-31,CUST2260,Kolkata,11539.95,1,1,Electronics
ORD100928,2025-08-03,CUST7676,Bengaluru,405225.6,1,1,Grocery
ORD100929,2025-08-29,CUST7405,Mumbai,159668.96,1,1,Fashion
ORD100930,2025-12-07,CUST4565,Delhi,23886.69,1,1,Grocery
ORD100931,2025-01-18,CUST6319,Bengaluru,46629.03,1,1,Fashion
ORD100932,2025-08-04,CUST4077,Mumbai,109913.8,1,1,Electronics
ORD100933,2025-01-21,CUST8537,Hyderabad,39400.4,1,1,Electronics
ORD100934,2025-04-02,CUST6407,Kolkata,280189.12,1,1,Fashion
ORD100935,2025-11-01,CUST2025,Delhi,98774.4,1,1,Furniture
ORD100936,2025-11-10,CUST1122,Kolkata,122431.8,1,1,Grocery
ORD100937,2025-10-22,CUST1997,Patna,76277.7,1,1,Furniture
ORD100938,2025-09-28,CUST9287,Pune,132438.18,1,1,Fashion
ORD100939,2025-12-13,CUST5413,Bengaluru,217109.48,1,1,Electronics
ORD100940,2025-08-22,CUST8466,Hyderabad,47743.08,1,1,Electronics
ORD100941,2025-06-11,CUST9493,Gaya,127543.5,1,1,Electronics
ORD100942,2025-04-02,CUST3576,Hyderabad,321187.65,1,1,Electronics
ORD100943,2025-07-27,CUST2586,Pune,84954.25,1,1,Electronics
ORD100944,2025-07-13,CUST3499,Mumbai,40383.06,1,1,Furniture
ORD100945,2025-08-12,CUST7718,Delhi,374935.6,1,1,Electronics
ORD100946,2025-06-28,CUST3330,Hyderabad,162554.32,1,1,Electronics
ORD100947,2025-08-04,CUST9113,Hyderabad,191143.08,1,1,Education
ORD100948,2025-02-24,CUST1004,Bengaluru,8321.54,1,1,Electronics
ORD100949,2025-05-17,CUST8381,Kolkata,473144.2,1,1,Education
ORD100950,2025-11-01,CUST6316,Pune,311126.04,1,1,Electronics
ORD100951,2025-05-17,CUST2403,Pune,237978.32,1,1,Electronics
ORD100952,2025-02-13,CUST1357,Delhi,195601.44,1,1,Fashion
ORD100953,2025-04-16,CUST4337,Kolkata,55976.48,1,1,Electronics
ORD100954,2025-08-11,CUST9175,Mumbai,212252.94,1,1,Fashion
ORD100955,2025-06-16,CUST7177,Hyderabad,75415.95,1,1,Fashion
ORD100956,2025-12-10,CUST9009,Mumbai,76855.26,1,1,Electronics
ORD100957,2025-03-07,CUST8996,Hyderabad,126134.07,1,1,Fashion
ORD100958,2025-04-10,CUST3759,Mumbai,301283.73,1,1,Grocery
ORD100959,2025-01-09,CUST9966,Kolkata,146075.3,1,1,Grocery
ORD100961,2025-10-31,CUST6311,Mumbai,301320.63,1,1,Education
ORD100962,2025-04-20,CUST8525,Gaya,85329.0,1,1,Fashion
ORD100963,2025-12-09,CUST9285,Gaya,223298.32,1,1,Electronics
ORD100964,2025-12-08,CUST8387,Bengaluru,154238.45,1,1,Furniture
ORD100965,2025-09-02,CUST5726,Pune,79157.2,1,1,Electronics
ORD100966,2025-05-13,CUST7238,Delhi,280228.24,1,1,Electronics
ORD100967,2025-07-05,CUST3843,Bengaluru,37727.1,1,1,Electronics
ORD100968,2025-02-15,CUST7185,Delhi,98255.31,1,1,Furniture
ORD100969,2025-07-21,CUST7757,Mumbai,219795.57,1,1,Electronics
ORD100970,2025-08-08,CUST1713,Bengaluru,31739.18,1,1,Fashion
ORD100971,2025-02-22,CUST6987,Gaya,6976.56,1,1,Grocery
ORD100972,2025-09-05,CUST5829,Delhi,39956.16,1,1,Education
ORD100973,2025-11-05,CUST2542,Hyderabad,431463.9,1,1,Electronics
ORD100974,2025-07-28,CUST4869,Kolkata,485667.8,1,1,Electronics
ORD100976,2025-05-29,CUST5338,Patna,140731.05,1,1,Fashion
ORD100977,2025-10-16,CUST5373,Delhi,25737.43,1,1,Fashion
ORD100978,2025-02-20,CUST2256,Hyderabad,115969.35,1,1,Fashion
ORD100979,2025-06-13,CUST7388,Hyderabad,267400.44,1,1,Grocery
ORD100980,2025-11-22,CUST1159,Pune,82567.7,1,1,Electronics
ORD100981,2025-08-03,CUST9081,Hyderabad,30398.64,1,1,Education
ORD100982,2025-03-30,CUST4003,Bengaluru,468522.0,1,1,Grocery
ORD100983,2025-09-03,CUST6511,Mumbai,54039.78,1,1,Fashion
ORD100984,2025-11-07,CUST2836,Patna,144754.88,1,1,Fashion
ORD100985,2025-05-19,CUST3730,Gaya,100553.37,1,1,Furniture
ORD100986,2025-03-27,CUST9945,Hyderabad,3375.35,1,1,Grocery
ORD100987,2025-03-16,CUST1603,Mumbai,136560.28,1,1,Electronics
ORD100988,2025-12-16,CUST9871,Pune,34690.3,1,1,Electronics
ORD100989,2025-10-18,CUST2418,Gaya,93055.86,1,1,Furniture
ORD100990,2025-04-14,CUST2126,Patna,21819.5,1,1,Grocery
ORD100991,2025-02-28,CUST1284,Bengaluru,105461.08,1,1,Electronics
ORD100992,2025-08-20,CUST6389,Kolkata,313519.95,1,1,Furniture
ORD100993,2025-06-16,CUST9381,Patna,357007.84,1,1,Education
ORD100994,2025-07-11,CUST2967,Mumbai,36396.7,1,1,Furniture
ORD100995,2025-07-30,CUST9092,Mumbai,37930.19,1,1,Furniture
ORD100996,2025-06-12,CUST9351,Pune,398903.76,1,1,Education
ORD100997,2025-11-07,CUST6410,Gaya,318649.86,1,1,Electronics
ORD100998,2025-09-03,CUST7618,Gaya,92273.25,1,1,Fashion
ORD100999,2025-09-30,CUST9544,Hyderabad,116744.31,1,1,Electronics
ORD101000,2025-02-21,CUST9501,Delhi,25911.09,1,1,Electronics
ORD101001,2025-04-23,CUST2714,Gaya,202444.83,1,1,Furniture
